{
  "Total Records": 1735280,
  "Unique review_ids": 294010,
  "Duplicates": 1441270,
  "Mean": 0.5729374077435834,
  "Median": 0.5851446120394045,
  "Std": 0.07729283403125131,
  "Min": 0.3467201911564396,
  "Max": 0.6792446646718792,
  "Q1 (25%)": 0.5163627140904773,
  "Q3 (75%)": 0.6404984899871321
}