{
  "Total Records": 1735280,
  "Unique review_ids": 294010,
  "Duplicates": 1441270,
  "Mean": 0.562672467785813,
  "Median": 0.5745495983512363,
  "Std": 0.06704438122622253,
  "Min": 0.3668745651475967,
  "Max": 0.6542707861602866,
  "Q1 (25%)": 0.5156437949065862,
  "Q3 (75%)": 0.6192418422261373
}