{
  "timestamp": "2025-11-01T19:12:30.641284",
  "test_count": 1735280,
  "feature_dimension": 10017,
  "probability_stats": {
    "min": 0.3467201911564396,
    "max": 0.6792446646718792,
    "mean": 0.5729374077435382,
    "stddev": 0.07729283403125103
  }
}