{
  "Total Records": 294010,
  "Unique review_ids": 294010,
  "Duplicates": 0,
  "Mean": 0.37242702807774053,
  "Median": 3.0401728353225094e-06,
  "Std": 0.4689109489478511,
  "Min": 2.02545041103908e-09,
  "Max": 0.9999999575153736,
  "Q1 (25%)": 6.488218301463498e-08,
  "Q3 (75%)": 0.999990187327714
}