{
  "average_precision": 0.9141736596686125,
  "roc_auc": 0.9668554105416635,
  "confusion_matrix": [
    [
      1022194,
      147889
    ],
    [
      30943,
      358278
    ]
  ],
  "classification_report": {
    "0": {
      "precision": 0.9706182576435924,
      "recall": 0.8736081115613166,
      "f1-score": 0.9195617167891617,
      "support": 1170083.0
    },
    "1": {
      "precision": 0.7078256780864813,
      "recall": 0.9205001785617939,
      "f1-score": 0.800274294495794,
      "support": 389221.0
    },
    "accuracy": 0.8853129344887206,
    "macro avg": {
      "precision": 0.8392219678650369,
      "recall": 0.8970541450615552,
      "f1-score": 0.8599180056424778,
      "support": 1559304.0
    },
    "weighted avg": {
      "precision": 0.9050220745979527,
      "recall": 0.8853129344887206,
      "f1-score": 0.8897861439743374,
      "support": 1559304.0
    }
  }
}