{
  "average_precision": 0.9862732405787774,
  "roc_auc": 0.9951912253921855,
  "confusion_matrix": [
    [
      1240988,
      61063
    ],
    [
      12341,
      420888
    ]
  ],
  "classification_report": {
    "0": {
      "precision": 0.9901534234027937,
      "recall": 0.9531024514400741,
      "f1-score": 0.971274722350492,
      "support": 1302051.0
    },
    "1": {
      "precision": 0.8733003977582783,
      "recall": 0.9715139106569505,
      "f1-score": 0.9197928276404642,
      "support": 433229.0
    },
    "accuracy": 0.9576990456871514,
    "macro avg": {
      "precision": 0.9317269105805359,
      "recall": 0.9623081810485123,
      "f1-score": 0.9455337749954781,
      "support": 1735280.0
    },
    "weighted avg": {
      "precision": 0.9609799646831935,
      "recall": 0.9576990456871514,
      "f1-score": 0.9584217823273655,
      "support": 1735280.0
    }
  }
}